file,width,height,mode
001.png,683,1024,P
002.png,683,1024,P
003.png,683,1024,P
004.png,683,1024,P
005.png,683,1024,P
006.png,683,1024,P
007.png,683,1024,P
008.png,683,1024,P
009.png,683,1024,P
010.png,683,1024,P
011.png,683,1024,P
012.png,683,1024,P
013.png,683,1024,P
014.png,683,1024,P
015.png,683,1024,P
016.png,683,1024,P
017.png,683,1024,P
018.png,683,1024,P
019.png,648,1024,RGB
020.png,651,1024,RGB
021.png,1024,559,P
022.png,1024,559,P
023.png,651,1024,RGB
024.png,1024,559,P
025.png,639,1024,RGB
026.png,611,1024,RGB
027.png,1024,535,P
028.png,520,807,P
029.png,1024,535,P
030.png,559,853,P
031.png,1024,535,P
032.png,1024,535,P
033.png,1024,535,P
034.png,1024,535,P
035.png,1024,535,P
036.png,1024,535,P
